State,Year,MigrationCount
Afghanistan,1960,9521
Albania,1960,1
Algeria,1960,6
American Samoa,1960,0
Andorra,1960,2
Angola,1960,233
Anguilla,1960,0
Antigua and Barbuda,1960,5
Argentina,1960,62
Armenia,1960,0
Aruba,1960,13
Australia,1960,4650
Austria,1960,69
Azerbaijan,1960,0
"Bahamas, The",1960,1
Bahrain,1960,1519
Bangladesh,1960,295599
Barbados,1960,12
Belarus,1960,0
Belgium,1960,24
Belize,1960,28
Benin,1960,10
Bermuda,1960,0
Bhutan,1960,1743
Bolivia,1960,0
Bosnia and Herzegovina,1960,6
Botswana,1960,4
Brazil,1960,107
Brunei Darussalam,1960,229
Bulgaria,1960,18
Burkina Faso,1960,0
Burundi,1960,71
Cambodia,1960,125
Cameroon,1960,122
Canada,1960,3779
Cape Verde,1960,5
Cayman Islands,1960,0
Central African Republic,1960,5
Chad,1960,415
Chile,1960,14
China,1960,16
Colombia,1960,9
Comoros,1960,0
"Congo, Dem. Rep.",1960,91
"Congo, Rep.",1960,61
Cook Islands,1960,0
Costa Rica,1960,5
Cote d'Ivoire,1960,59
Croatia,1960,0
Cuba,1960,355
Cyprus,1960,4
Czech Republic,1960,3
Denmark,1960,373
Djibouti,1960,10
Dominica,1960,3
Dominican Republic,1960,97
Ecuador,1960,1
"Egypt, Arab Rep.",1960,153
El Salvador,1960,1
Equatorial Guinea,1960,1
Eritrea,1960,29
Estonia,1960,0
Ethiopia,1960,465
Faeroe Islands,1960,0
Falkland Islands (Malvinas),1960,0
Fiji,1960,3847
Finland,1960,12
France,1960,38575
French Guiana,1960,4
French Polynesia,1960,1
Gabon,1960,136
"Gambia, The",1960,20
Georgia,1960,0
Germany,1960,516
Ghana,1960,195
Gibraltar,1960,13
Greece,1960,16
Greenland,1960,0
Grenada,1960,4
Guadeloupe,1960,12
Guam,1960,21
Guatemala,1960,0
Guinea,1960,16
Guinea-Bissau,1960,2
Guyana,1960,2
Haiti,1960,9
Honduras,1960,23
"Hong Kong SAR, China",1960,28
Hungary,1960,122
Iceland,1960,2
India,1960,0
Indonesia,1960,35979
"Iran, Islamic Rep.",1960,52
Iraq,1960,487
Ireland,1960,640
Israel,1960,7911
Italy,1960,323
Jamaica,1960,362
Japan,1960,20
Jordan,1960,22
Kazakhstan,1960,0
Kenya,1960,688
Kiribati,1960,1
"Korea, Dem. Rep.",1960,0
"Korea, Rep.",1960,0
Kuwait,1960,1314
Kyrgyz Republic,1960,0
Lao PDR,1960,11
Latvia,1960,0
Lebanon,1960,44
Lesotho,1960,32
Liberia,1960,38
Libya,1960,5
Liechtenstein,1960,0
Lithuania,1960,0
Luxembourg,1960,19
"Macao SAR, China",1960,73
"Macedonia, FYR",1960,11
Madagascar,1960,8971
Malawi,1960,1904
Malaysia,1960,3963
Maldives,1960,371
Mali,1960,26
Malta,1960,1
Marshall Islands,1960,2
Martinique,1960,6
Mauritania,1960,0
Mauritius,1960,392
Mayotte,1960,2
Mexico,1960,136
"Micronesia, Fed. Sts.",1960,0
Moldova,1960,0
Monaco,1960,16
Mongolia,1960,5
Montserrat,1960,0
Morocco,1960,7
Mozambique,1960,1134
Myanmar,1960,46777
Namibia,1960,34
Naura,1960,0
Nepal,1960,208455
Netherlands,1960,11
Netherlands Antilles,1960,40
New Caledonia,1960,12
New Zealand,1960,2131
Nicaragua,1960,1
Niger,1960,197
Nigeria,1960,454
Niue,1960,0
Norfolk Island,1960,0
Northern Mariana Islands,1960,0
Norway,1960,101
Oman,1960,3407
Pakistan,1960,2923092
Palau,1960,0
Panama,1960,127
Papua New Guinea,1960,39
Paraguay,1960,0
Peru,1960,12
Philippines,1960,1554
Poland,1960,4
Portugal,1960,339
Puerto Rico,1960,10
Qatar,1960,20
Reunion,1960,316
Romania,1960,0
Russian Federation,1960,0
Rwanda,1960,6
Saint Helena,1960,1
Saint Pierre and Miquelon,1960,0
Samoa,1960,0
San Marino,1960,0
Sao Tome and Principe,1960,4
Saudi Arabia,1960,2864
Senegal,1960,105
Serbia and Montenegro,1960,61
Seychelles,1960,2
Sierra Leone,1960,66
Singapore,1960,10293
Slovak Republic,1960,1
Slovenia,1960,0
Solomon Islands,1960,0
Somalia,1960,44
South Africa,1960,11874
Spain,1960,0
Sri Lanka,1960,465760
St. Kitts and Nevis,1960,0
St. Lucia,1960,4
St. Vincent and the Grenadines,1960,1
Sudan,1960,747
Suriname,1960,241
Swaziland,1960,64
Sweden,1960,160
Switzerland,1960,337
Syrian Arab Republic,1960,367
"Taiwan, China",1960,0
Tajikistan,1960,0
Tanzania,1960,8955
Thailand,1960,860
Timor-Leste,1960,17
Togo,1960,270
Tokelau,1960,0
Tonga,1960,0
Trinidad and Tobago,1960,57
Tunisia,1960,10
Turkey,1960,138
Turkmenistan,1960,0
Turks and Caicos Islands,1960,0
Tuvalu,1960,2
Uganda,1960,10225
Ukraine,1960,0
United Arab Emirates,1960,120
United Kingdom,1960,88327
United States,1960,5150
Uruguay,1960,13
Uzbekistan,1960,0
Vanuatu,1960,14
"Venezuela, RB",1960,70
Vietnam,1960,168
Virgin Islands (U.S.),1960,0
"Virgin Islands, British",1960,0
Wallis and Futuna,1960,0
West Bank and Gaza,1960,78
"Yemen, Rep.",1960,1829
Zambia,1960,4140
Zimbabwe,1960,923
Afghanistan,1960,12437
Albania,1960,0
Algeria,1960,5
American Samoa,1960,0
Andorra,1960,3
Angola,1960,489
Anguilla,1960,0
Antigua and Barbuda,1960,4
Argentina,1960,134
Armenia,1960,0
Aruba,1960,14
Australia,1960,8877
Austria,1960,98
Azerbaijan,1960,0
"Bahamas, The",1960,1
Bahrain,1960,2975
Bangladesh,1960,342256
Barbados,1960,11
Belarus,1960,0
Belgium,1960,88
Belize,1960,45
Benin,1960,21
Bermuda,1960,0
Bhutan,1960,7420
Bolivia,1960,0
Bosnia and Herzegovina,1960,6
Botswana,1960,6
Brazil,1960,156
Brunei Darussalam,1960,375
Bulgaria,1960,88
Burkina Faso,1960,0
Burundi,1960,106
Cambodia,1960,389
Cameroon,1960,176
Canada,1960,5002
Cape Verde,1960,2
Cayman Islands,1960,0
Central African Republic,1960,8
Chad,1960,530
Chile,1960,59
China,1960,22
Colombia,1960,23
Comoros,1960,2
"Congo, Dem. Rep.",1960,105
"Congo, Rep.",1960,65
Cook Islands,1960,0
Costa Rica,1960,19
Cote d'Ivoire,1960,76
Croatia,1960,0
Cuba,1960,669
Cyprus,1960,4
Czech Republic,1960,2
Denmark,1960,239
Djibouti,1960,24
Dominica,1960,4
Dominican Republic,1960,161
Ecuador,1960,2
"Egypt, Arab Rep.",1960,214
El Salvador,1960,2
Equatorial Guinea,1960,6
Eritrea,1960,28
Estonia,1960,0
Ethiopia,1960,763
Faeroe Islands,1960,4
Falkland Islands (Malvinas),1960,0
Fiji,1960,7644
Finland,1960,10
France,1960,42177
French Guiana,1960,7
French Polynesia,1960,2
Gabon,1960,157
"Gambia, The",1960,24
Georgia,1960,0
Germany,1960,2863
Ghana,1960,582
Gibraltar,1960,22
Greece,1960,16
Greenland,1960,1
Grenada,1960,4
Guadeloupe,1960,14
Guam,1960,13
Guatemala,1960,2
Guinea,1960,43
Guinea-Bissau,1960,2
Guyana,1960,3
Haiti,1960,9
Honduras,1960,39
"Hong Kong SAR, China",1960,42
Hungary,1960,335
Iceland,1960,1
India,1960,0
Indonesia,1960,40556
"Iran, Islamic Rep.",1960,71
Iraq,1960,811
Ireland,1960,648
Israel,1960,7623
Italy,1960,316
Jamaica,1960,493
Japan,1960,27
Jordan,1960,17
Kazakhstan,1960,0
Kenya,1960,693
Kiribati,1960,1
"Korea, Dem. Rep.",1960,0
"Korea, Rep.",1960,0
Kuwait,1960,2768
Kyrgyz Republic,1960,0
Lao PDR,1960,20
Latvia,1960,0
Lebanon,1960,77
Lesotho,1960,25
Liberia,1960,105
Libya,1960,5
Liechtenstein,1960,0
Lithuania,1960,0
Luxembourg,1960,18
"Macao SAR, China",1960,162
"Macedonia, FYR",1960,11
Madagascar,1960,9071
Malawi,1960,2150
Malaysia,1960,8233
Maldives,1960,433
Mali,1960,30
Malta,1960,1
Marshall Islands,1960,2
Martinique,1960,13
Mauritania,1960,0
Mauritius,1960,492
Mayotte,1960,2
Mexico,1960,189
"Micronesia, Fed. Sts.",1960,2
Moldova,1960,0
Monaco,1960,19
Mongolia,1960,10
Montserrat,1960,0
Morocco,1960,8
Mozambique,1960,1590
Myanmar,1960,58361
Namibia,1960,55
Naura,1960,0
Nepal,1960,116216
Netherlands,1960,10
Netherlands Antilles,1960,122
New Caledonia,1960,49
New Zealand,1960,2558
Nicaragua,1960,3
Niger,1960,173
Nigeria,1960,895
Niue,1960,0
Norfolk Island,1960,0
Northern Mariana Islands,1960,0
Norway,1960,83
Oman,1960,18438
Pakistan,1960,3370824
Palau,1960,0
Panama,1960,527
Papua New Guinea,1960,114
Paraguay,1960,0
Peru,1960,20
Philippines,1960,1726
Poland,1960,4
Portugal,1960,257
Puerto Rico,1960,10
Qatar,1960,97
Reunion,1960,544
Romania,1960,0
Russian Federation,1960,0
Rwanda,1960,2
Saint Helena,1960,0
Saint Pierre and Miquelon,1960,0
Samoa,1960,0
San Marino,1960,0
Sao Tome and Principe,1960,1
Saudi Arabia,1960,9585
Senegal,1960,95
Serbia and Montenegro,1960,59
Seychelles,1960,4
Sierra Leone,1960,127
Singapore,1960,56217
Slovak Republic,1960,0
Slovenia,1960,0
Solomon Islands,1960,0
Somalia,1960,41
South Africa,1960,14405
Spain,1960,0
Sri Lanka,1960,533573
St. Kitts and Nevis,1960,1
St. Lucia,1960,3
St. Vincent and the Grenadines,1960,2
Sudan,1960,1100
Suriname,1960,299
Swaziland,1960,68
Sweden,1960,196
Switzerland,1960,233
Syrian Arab Republic,1960,433
"Taiwan, China",1960,0
Tajikistan,1960,0
Tanzania,1960,13763
Thailand,1960,1980
Timor-Leste,1960,42
Togo,1960,256
Tokelau,1960,0
Tonga,1960,1
Trinidad and Tobago,1960,84
Tunisia,1960,11
Turkey,1960,180
Turkmenistan,1960,0
Turks and Caicos Islands,1960,0
Tuvalu,1960,1
Uganda,1960,11249
Ukraine,1960,0
United Arab Emirates,1960,601
United Kingdom,1960,102395
United States,1960,8760
Uruguay,1960,5
Uzbekistan,1960,0
Vanuatu,1960,45
"Venezuela, RB",1960,97
Vietnam,1960,349
Virgin Islands (U.S.),1960,0
"Virgin Islands, British",1960,0
Wallis and Futuna,1960,0
West Bank and Gaza,1960,74
"Yemen, Rep.",1960,3171
Zambia,1960,4697
Zimbabwe,1960,1496
Afghanistan,1970,11578
Albania,1970,2
Algeria,1970,2
American Samoa,1970,0
Andorra,1970,13
Angola,1970,95
Anguilla,1970,0
Antigua and Barbuda,1970,7
Argentina,1970,136
Armenia,1970,0
Aruba,1970,12
Australia,1970,8782
Austria,1970,326
Azerbaijan,1970,0
"Bahamas, The",1970,36
Bahrain,1970,2667
Bangladesh,1970,326650
Barbados,1970,91
Belarus,1970,0
Belgium,1970,274
Belize,1970,36
Benin,1970,13
Bermuda,1970,7
Bhutan,1970,2352
Bolivia,1970,2
Bosnia and Herzegovina,1970,7
Botswana,1970,4
Brazil,1970,136
Brunei Darussalam,1970,214
Bulgaria,1970,19
Burkina Faso,1970,0
Burundi,1970,59
Cambodia,1970,107
Cameroon,1970,138
Canada,1970,22178
Cape Verde,1970,5
Cayman Islands,1970,0
Central African Republic,1970,3
Chad,1970,474
Chile,1970,30
China,1970,333
Colombia,1970,17
Comoros,1970,2
"Congo, Dem. Rep.",1970,35009
"Congo, Rep.",1970,102
Cook Islands,1970,0
Costa Rica,1970,3
Cote d'Ivoire,1970,92
Croatia,1970,0
Cuba,1970,311
Cyprus,1970,14
Czech Republic,1970,4
Denmark,1970,234
Djibouti,1970,19
Dominica,1970,2
Dominican Republic,1970,122
Ecuador,1970,2
"Egypt, Arab Rep.",1970,173
El Salvador,1970,3
Equatorial Guinea,1970,7
Eritrea,1970,208
Estonia,1970,0
Ethiopia,1970,460
Faeroe Islands,1970,0
Falkland Islands (Malvinas),1970,0
Fiji,1970,3012
Finland,1970,49
France,1970,3919
French Guiana,1970,0
French Polynesia,1970,2
Gabon,1970,43
"Gambia, The",1970,24
Georgia,1970,0
Germany,1970,2846
Ghana,1970,636
Gibraltar,1970,2
Greece,1970,46
Greenland,1970,2
Grenada,1970,2
Guadeloupe,1970,14
Guam,1970,101
Guatemala,1970,3
Guinea,1970,23
Guinea-Bissau,1970,2
Guyana,1970,139
Haiti,1970,4
Honduras,1970,12
"Hong Kong SAR, China",1970,2608
Hungary,1970,236
Iceland,1970,0
India,1970,0
Indonesia,1970,23055
"Iran, Islamic Rep.",1970,86
Iraq,1970,308
Ireland,1970,815
Israel,1970,9623
Italy,1970,646
Jamaica,1970,295
Japan,1970,328
Jordan,1970,33
Kazakhstan,1970,0
Kenya,1970,6449
Kiribati,1970,0
"Korea, Dem. Rep.",1970,35
"Korea, Rep.",1970,2
Kuwait,1970,8239
Kyrgyz Republic,1970,0
Lao PDR,1970,12
Latvia,1970,0
Lebanon,1970,147
Lesotho,1970,24
Liberia,1970,177
Libya,1970,32
Liechtenstein,1970,0
Lithuania,1970,0
Luxembourg,1970,28
"Macao SAR, China",1970,32
"Macedonia, FYR",1970,11
Madagascar,1970,4944
Malawi,1970,1873
Malaysia,1970,50443
Maldives,1970,449
Mali,1970,26
Malta,1970,0
Marshall Islands,1970,2
Martinique,1970,3
Mauritania,1970,0
Mauritius,1970,443
Mayotte,1970,3
Mexico,1970,152
"Micronesia, Fed. Sts.",1970,0
Moldova,1970,0
Monaco,1970,10
Mongolia,1970,7
Montserrat,1970,0
Morocco,1970,2
Mozambique,1970,255
Myanmar,1970,44900
Namibia,1970,58
Naura,1970,6
Nepal,1970,207069
Netherlands,1970,282
Netherlands Antilles,1970,40
New Caledonia,1970,28
New Zealand,1970,2609
Nicaragua,1970,2
Niger,1970,271
Nigeria,1970,366
Niue,1970,0
Norfolk Island,1970,0
Northern Mariana Islands,1970,0
Norway,1970,154
Oman,1970,4880
Pakistan,1970,2295006
Palau,1970,0
Panama,1970,179
Papua New Guinea,1970,94
Paraguay,1970,0
Peru,1970,15
Philippines,1970,1942
Poland,1970,3
Portugal,1970,837
Puerto Rico,1970,31
Qatar,1970,405
Reunion,1970,39
Romania,1970,0
Russian Federation,1970,0
Rwanda,1970,306
Saint Helena,1970,2
Saint Pierre and Miquelon,1970,0
Samoa,1970,0
San Marino,1970,0
Sao Tome and Principe,1970,3
Saudi Arabia,1970,14645
Senegal,1970,67
Serbia and Montenegro,1970,63
Seychelles,1970,129
Sierra Leone,1970,114
Singapore,1970,10981
Slovak Republic,1970,1
Slovenia,1970,0
Solomon Islands,1970,0
Somalia,1970,305
South Africa,1970,10240
Spain,1970,0
Sri Lanka,1970,520974
St. Kitts and Nevis,1970,0
St. Lucia,1970,2
St. Vincent and the Grenadines,1970,1
Sudan,1970,756
Suriname,1970,132
Swaziland,1970,131
Sweden,1970,407
Switzerland,1970,340
Syrian Arab Republic,1970,3708
"Taiwan, China",1970,0
Tajikistan,1970,0
Tanzania,1970,8555
Thailand,1970,346
Timor-Leste,1970,21
Togo,1970,385
Tokelau,1970,0
Tonga,1970,3
Trinidad and Tobago,1970,220
Tunisia,1970,17
Turkey,1970,276
Turkmenistan,1970,0
Turks and Caicos Islands,1970,0
Tuvalu,1970,0
Uganda,1970,9738
Ukraine,1970,0
United Arab Emirates,1970,4191
United Kingdom,1970,154831
United States,1970,34022
Uruguay,1970,15
Uzbekistan,1970,0
Vanuatu,1970,18
"Venezuela, RB",1970,8
Vietnam,1970,182
Virgin Islands (U.S.),1970,61
"Virgin Islands, British",1970,2
Wallis and Futuna,1970,0
West Bank and Gaza,1970,92
"Yemen, Rep.",1970,2265
Zambia,1970,3335
Zimbabwe,1970,1712
Afghanistan,1970,14664
Albania,1970,0
Algeria,1970,2
American Samoa,1970,3
Andorra,1970,16
Angola,1970,193
Anguilla,1970,0
Antigua and Barbuda,1970,6
Argentina,1970,171
Armenia,1970,0
Aruba,1970,14
Australia,1970,9383
Austria,1970,438
Azerbaijan,1970,0
"Bahamas, The",1970,37
Bahrain,1970,4000
Bangladesh,1970,377924
Barbados,1970,117
Belarus,1970,0
Belgium,1970,349
Belize,1970,61
Benin,1970,27
Bermuda,1970,4
Bhutan,1970,10018
Bolivia,1970,2
Bosnia and Herzegovina,1970,6
Botswana,1970,5
Brazil,1970,221
Brunei Darussalam,1970,857
Bulgaria,1970,92
Burkina Faso,1970,0
Burundi,1970,83
Cambodia,1970,326
Cameroon,1970,197
Canada,1970,23560
Cape Verde,1970,2
Cayman Islands,1970,0
Central African Republic,1970,4
Chad,1970,570
Chile,1970,39
China,1970,492
Colombia,1970,31
Comoros,1970,4
"Congo, Dem. Rep.",1970,32958
"Congo, Rep.",1970,110
Cook Islands,1970,0
Costa Rica,1970,7
Cote d'Ivoire,1970,117
Croatia,1970,0
Cuba,1970,615
Cyprus,1970,14
Czech Republic,1970,3
Denmark,1970,335
Djibouti,1970,43
Dominica,1970,2
Dominican Republic,1970,160
Ecuador,1970,3
"Egypt, Arab Rep.",1970,346
El Salvador,1970,2
Equatorial Guinea,1970,10
Eritrea,1970,221
Estonia,1970,0
Ethiopia,1970,709
Faeroe Islands,1970,5
Falkland Islands (Malvinas),1970,0
Fiji,1970,4849
Finland,1970,44
France,1970,4155
French Guiana,1970,0
French Polynesia,1970,3
Gabon,1970,69
"Gambia, The",1970,35
Georgia,1970,0
Germany,1970,4726
Ghana,1970,1305
Gibraltar,1970,3
Greece,1970,47
Greenland,1970,3
Grenada,1970,2
Guadeloupe,1970,15
Guam,1970,147
Guatemala,1970,2
Guinea,1970,63
Guinea-Bissau,1970,2
Guyana,1970,164
Haiti,1970,6
Honduras,1970,16
"Hong Kong SAR, China",1970,3831
Hungary,1970,295
Iceland,1970,0
India,1970,0
Indonesia,1970,25111
"Iran, Islamic Rep.",1970,132
Iraq,1970,557
Ireland,1970,808
Israel,1970,8835
Italy,1970,560
Jamaica,1970,306
Japan,1970,440
Jordan,1970,27
Kazakhstan,1970,0
Kenya,1970,7952
Kiribati,1970,0
"Korea, Dem. Rep.",1970,51
"Korea, Rep.",1970,10
Kuwait,1970,13657
Kyrgyz Republic,1970,0
Lao PDR,1970,21
Latvia,1970,0
Lebanon,1970,170
Lesotho,1970,22
Liberia,1970,341
Libya,1970,25
Liechtenstein,1970,0
Lithuania,1970,0
Luxembourg,1970,28
"Macao SAR, China",1970,62
"Macedonia, FYR",1970,10
Madagascar,1970,5428
Malawi,1970,2109
Malaysia,1970,100280
Maldives,1970,497
Mali,1970,30
Malta,1970,0
Marshall Islands,1970,3
Martinique,1970,5
Mauritania,1970,0
Mauritius,1970,464
Mayotte,1970,4
Mexico,1970,205
"Micronesia, Fed. Sts.",1970,2
Moldova,1970,0
Monaco,1970,12
Mongolia,1970,12
Montserrat,1970,0
Morocco,1970,3
Mozambique,1970,285
Myanmar,1970,55111
Namibia,1970,84
Naura,1970,39
Nepal,1970,115083
Netherlands,1970,727
Netherlands Antilles,1970,103
New Caledonia,1970,48
New Zealand,1970,3020
Nicaragua,1970,6
Niger,1970,228
Nigeria,1970,746
Niue,1970,0
Norfolk Island,1970,0
Northern Mariana Islands,1970,0
Norway,1970,200
Oman,1970,26547
Pakistan,1970,2563017
Palau,1970,0
Panama,1970,352
Papua New Guinea,1970,283
Paraguay,1970,0
Peru,1970,29
Philippines,1970,1706
Poland,1970,3
Portugal,1970,721
Puerto Rico,1970,29
Qatar,1970,1291
Reunion,1970,44
Romania,1970,0
Russian Federation,1970,0
Rwanda,1970,301
Saint Helena,1970,1
Saint Pierre and Miquelon,1970,0
Samoa,1970,2
San Marino,1970,0
Sao Tome and Principe,1970,1
Saudi Arabia,1970,55464
Senegal,1970,62
Serbia and Montenegro,1970,58
Seychelles,1970,214
Sierra Leone,1970,203
Singapore,1970,39894
Slovak Republic,1970,1
Slovenia,1970,0
Solomon Islands,1970,1
Somalia,1970,324
South Africa,1970,11525
Spain,1970,0
Sri Lanka,1970,559671
St. Kitts and Nevis,1970,0
St. Lucia,1970,2
St. Vincent and the Grenadines,1970,2
Sudan,1970,1007
Suriname,1970,164
Swaziland,1970,131
Sweden,1970,483
Switzerland,1970,332
Syrian Arab Republic,1970,4006
"Taiwan, China",1970,0
Tajikistan,1970,0
Tanzania,1970,12500
Thailand,1970,593
Timor-Leste,1970,48
Togo,1970,366
Tokelau,1970,0
Tonga,1970,3
Trinidad and Tobago,1970,239
Tunisia,1970,18
Turkey,1970,303
Turkmenistan,1970,0
Turks and Caicos Islands,1970,0
Tuvalu,1970,0
Uganda,1970,11697
Ukraine,1970,0
United Arab Emirates,1970,17393
United Kingdom,1970,181736
United States,1970,35975
Uruguay,1970,0
Uzbekistan,1970,0
Vanuatu,1970,51
"Venezuela, RB",1970,9
Vietnam,1970,307
Virgin Islands (U.S.),1970,68
"Virgin Islands, British",1970,3
Wallis and Futuna,1970,0
West Bank and Gaza,1970,89
"Yemen, Rep.",1970,3926
Zambia,1970,3746
Zimbabwe,1970,1405
Afghanistan,1980,2872
Albania,1980,2
Algeria,1980,2
American Samoa,1980,2
Andorra,1980,3
Angola,1980,39
Anguilla,1980,0
Antigua and Barbuda,1980,9
Argentina,1980,216
Armenia,1980,0
Aruba,1980,11
Australia,1980,19580
Austria,1980,1416
Azerbaijan,1980,0
"Bahamas, The",1980,55
Bahrain,1980,3077
Bangladesh,1980,226332
Barbados,1980,179
Belarus,1980,0
Belgium,1980,786
Belize,1980,41
Benin,1980,17
Bermuda,1980,25
Bhutan,1980,3176
Bolivia,1980,3
Bosnia and Herzegovina,1980,12
Botswana,1980,56
Brazil,1980,407
Brunei Darussalam,1980,261
Bulgaria,1980,19
Burkina Faso,1980,2
Burundi,1980,49
Cambodia,1980,1
Cameroon,1980,111
Canada,1980,41574
Cape Verde,1980,6
Cayman Islands,1980,2
Central African Republic,1980,5
Chad,1980,528
Chile,1980,55
China,1980,53
Colombia,1980,23
Comoros,1980,9
"Congo, Dem. Rep.",1980,21955
"Congo, Rep.",1980,169
Cook Islands,1980,0
Costa Rica,1980,5
Cote d'Ivoire,1980,121
Croatia,1980,0
Cuba,1980,139
Cyprus,1980,23
Czech Republic,1980,4
Denmark,1980,943
Djibouti,1980,40
Dominica,1980,0
Dominican Republic,1980,125
Ecuador,1980,4
"Egypt, Arab Rep.",1980,203
El Salvador,1980,7
Equatorial Guinea,1980,30
Eritrea,1980,218
Estonia,1980,0
Ethiopia,1980,509
Faeroe Islands,1980,0
Falkland Islands (Malvinas),1980,0
Fiji,1980,2218
Finland,1980,90
France,1980,7211
French Guiana,1980,0
French Polynesia,1980,3
Gabon,1980,46
"Gambia, The",1980,178
Georgia,1980,0
Germany,1980,7126
Ghana,1980,310
Gibraltar,1980,13
Greece,1980,121
Greenland,1980,3
Grenada,1980,0
Guadeloupe,1980,40
Guam,1980,6
Guatemala,1980,6
Guinea,1980,36
Guinea-Bissau,1980,2
Guyana,1980,170
Haiti,1980,5
Honduras,1980,16
"Hong Kong SAR, China",1980,439
Hungary,1980,215
Iceland,1980,17
India,1980,0
Indonesia,1980,11761
"Iran, Islamic Rep.",1980,305
Iraq,1980,202
Ireland,1980,1357
Israel,1980,10425
Italy,1980,649
Jamaica,1980,327
Japan,1980,826
Jordan,1980,100
Kazakhstan,1980,0
Kenya,1980,5300
Kiribati,1980,5
"Korea, Dem. Rep.",1980,14
"Korea, Rep.",1980,0
Kuwait,1980,25914
Kyrgyz Republic,1980,0
Lao PDR,1980,13
Latvia,1980,0
Lebanon,1980,493
Lesotho,1980,17
Liberia,1980,644
Libya,1980,73
Liechtenstein,1980,0
Lithuania,1980,0
Luxembourg,1980,99
"Macao SAR, China",1980,127
"Macedonia, FYR",1980,21
Madagascar,1980,1955
Malawi,1980,60
Malaysia,1980,37436
Maldives,1980,113
Mali,1980,25
Malta,1980,2
Marshall Islands,1980,2
Martinique,1980,11
Mauritania,1980,0
Mauritius,1980,526
Mayotte,1980,7
Mexico,1980,40
"Micronesia, Fed. Sts.",1980,2
Moldova,1980,0
Monaco,1980,139
Mongolia,1980,8
Montserrat,1980,0
Morocco,1980,1
Mozambique,1980,389
Myanmar,1980,30637
Namibia,1980,101
Naura,1980,18
Nepal,1980,160954
Netherlands,1980,956
Netherlands Antilles,1980,41
New Caledonia,1980,42
New Zealand,1980,3029
Nicaragua,1980,3
Niger,1980,373
Nigeria,1980,2258
Niue,1980,0
Norfolk Island,1980,0
Northern Mariana Islands,1980,1
Norway,1980,821
Oman,1980,11301
Pakistan,1980,1802811
Palau,1980,0
Panama,1980,344
Papua New Guinea,1980,227
Paraguay,1980,8
Peru,1980,17
Philippines,1980,1017
Poland,1980,39
Portugal,1980,2069
Puerto Rico,1980,45
Qatar,1980,3629
Reunion,1980,95
Romania,1980,0
Russian Federation,1980,0
Rwanda,1980,387
Saint Helena,1980,0
Saint Pierre and Miquelon,1980,0
Samoa,1980,1
San Marino,1980,0
Sao Tome and Principe,1980,3
Saudi Arabia,1980,67827
Senegal,1980,73
Serbia and Montenegro,1980,116
Seychelles,1980,233
Sierra Leone,1980,149
Singapore,1980,10677
Slovak Republic,1980,2
Slovenia,1980,0
Solomon Islands,1980,0
Somalia,1980,373
South Africa,1980,8644
Spain,1980,0
Sri Lanka,1980,321495
St. Kitts and Nevis,1980,0
St. Lucia,1980,0
St. Vincent and the Grenadines,1980,1
Sudan,1980,958
Suriname,1980,65
Swaziland,1980,15
Sweden,1980,1845
Switzerland,1980,219
Syrian Arab Republic,1980,2544
"Taiwan, China",1980,0
Tajikistan,1980,0
Tanzania,1980,1596
Thailand,1980,1159
Timor-Leste,1980,20
Togo,1980,402
Tokelau,1980,0
Tonga,1980,30
Trinidad and Tobago,1980,454
Tunisia,1980,8
Turkey,1980,336
Turkmenistan,1980,0
Turks and Caicos Islands,1980,0
Tuvalu,1980,0
Uganda,1980,4984
Ukraine,1980,0
United Arab Emirates,1980,63069
United Kingdom,1980,197399
United States,1980,102686
Uruguay,1980,5
Uzbekistan,1980,0
Vanuatu,1980,13
"Venezuela, RB",1980,148
Vietnam,1980,226
Virgin Islands (U.S.),1980,7
"Virgin Islands, British",1980,2
Wallis and Futuna,1980,0
West Bank and Gaza,1980,109
"Yemen, Rep.",1980,2804
Zambia,1980,3246
Zimbabwe,1980,1615
Afghanistan,1980,2767
Albania,1980,0
Algeria,1980,2
American Samoa,1980,6
Andorra,1980,6
Angola,1980,76
Anguilla,1980,0
Antigua and Barbuda,1980,13
Argentina,1980,218
Armenia,1980,0
Aruba,1980,13
Australia,1980,20590
Austria,1980,1399
Azerbaijan,1980,0
"Bahamas, The",1980,76
Bahrain,1980,12209
Bangladesh,1980,553388
Barbados,1980,240
Belarus,1980,0
Belgium,1980,812
Belize,1980,72
Benin,1980,35
Bermuda,1980,31
Bhutan,1980,13523
Bolivia,1980,3
Bosnia and Herzegovina,1980,10
Botswana,1980,59
Brazil,1980,607
Brunei Darussalam,1980,1080
Bulgaria,1980,94
Burkina Faso,1980,2
Burundi,1980,65
Cambodia,1980,4
Cameroon,1980,156
Canada,1980,42824
Cape Verde,1980,3
Cayman Islands,1980,3
Central African Republic,1980,10
Chad,1980,627
Chile,1980,121
China,1980,74
Colombia,1980,36
Comoros,1980,14
"Congo, Dem. Rep.",1980,20803
"Congo, Rep.",1980,374
Cook Islands,1980,2
Costa Rica,1980,7
Cote d'Ivoire,1980,147
Croatia,1980,1
Cuba,1980,300
Cyprus,1980,23
Czech Republic,1980,3
Denmark,1980,997
Djibouti,1980,85
Dominica,1980,0
Dominican Republic,1980,166
Ecuador,1980,5
"Egypt, Arab Rep.",1980,486
El Salvador,1980,9
Equatorial Guinea,1980,54
Eritrea,1980,254
Estonia,1980,0
Ethiopia,1980,719
Faeroe Islands,1980,6
Falkland Islands (Malvinas),1980,0
Fiji,1980,2583
Finland,1980,90
France,1980,8507
French Guiana,1980,0
French Polynesia,1980,6
Gabon,1980,82
"Gambia, The",1980,253
Georgia,1980,0
Germany,1980,22516
Ghana,1980,318
Gibraltar,1980,28
Greece,1980,243
Greenland,1980,4
Grenada,1980,0
Guadeloupe,1980,39
Guam,1980,6
Guatemala,1980,3
Guinea,1980,94
Guinea-Bissau,1980,2
Guyana,1980,196
Haiti,1980,8
Honduras,1980,20
"Hong Kong SAR, China",1980,866
Hungary,1980,248
Iceland,1980,18
India,1980,0
Indonesia,1980,13032
"Iran, Islamic Rep.",1980,521
Iraq,1980,385
Ireland,1980,1527
Israel,1980,10255
Italy,1980,721
Jamaica,1980,419
Japan,1980,873
Jordan,1980,93
Kazakhstan,1980,0
Kenya,1980,6200
Kiribati,1980,3
"Korea, Dem. Rep.",1980,20
"Korea, Rep.",1980,1
Kuwait,1980,33146
Kyrgyz Republic,1980,0
Lao PDR,1980,22
Latvia,1980,0
Lebanon,1980,634
Lesotho,1980,20
Liberia,1980,716
Libya,1980,72
Liechtenstein,1980,0
Lithuania,1980,0
Luxembourg,1980,94
"Macao SAR, China",1980,215
"Macedonia, FYR",1980,18
Madagascar,1980,2104
Malawi,1980,69
Malaysia,1980,61287
Maldives,1980,99
Mali,1980,29
Malta,1980,2
Marshall Islands,1980,4
Martinique,1980,11
Mauritania,1980,0
Mauritius,1980,673
Mayotte,1980,7
Mexico,1980,61
"Micronesia, Fed. Sts.",1980,6
Moldova,1980,0
Monaco,1980,128
Mongolia,1980,15
Montserrat,1980,0
Morocco,1980,2
Mozambique,1980,303
Myanmar,1980,36551
Namibia,1980,127
Naura,1980,54
Nepal,1980,68631
Netherlands,1980,1826
Netherlands Antilles,1980,85
New Caledonia,1980,44
New Zealand,1980,3250
Nicaragua,1980,6
Niger,1980,301
Nigeria,1980,4000
Niue,1980,0
Norfolk Island,1980,0
Northern Mariana Islands,1980,1
Norway,1980,1053
Oman,1980,61779
Pakistan,1980,2096894
Palau,1980,1
Panama,1980,553
Papua New Guinea,1980,231
Paraguay,1980,10
Peru,1980,37
Philippines,1980,1079
Poland,1980,62
Portugal,1980,2001
Puerto Rico,1980,41
Qatar,1980,13038
Reunion,1980,108
Romania,1980,0
Russian Federation,1980,0
Rwanda,1980,382
Saint Helena,1980,4
Saint Pierre and Miquelon,1980,0
Samoa,1980,3
San Marino,1980,0
Sao Tome and Principe,1980,1
Saudi Arabia,1980,289689
Senegal,1980,64
Serbia and Montenegro,1980,101
Seychelles,1980,406
Sierra Leone,1980,242
Singapore,1980,31589
Slovak Republic,1980,1
Slovenia,1980,0
Solomon Islands,1980,0
Somalia,1980,435
South Africa,1980,8189
Spain,1980,0
Sri Lanka,1980,323461
St. Kitts and Nevis,1980,0
St. Lucia,1980,0
St. Vincent and the Grenadines,1980,1
Sudan,1980,1303
Suriname,1980,80
Swaziland,1980,22
Sweden,1980,2593
Switzerland,1980,176
Syrian Arab Republic,1980,3068
"Taiwan, China",1980,0
Tajikistan,1980,0
Tanzania,1980,2346
Thailand,1980,1399
Timor-Leste,1980,44
Togo,1980,389
Tokelau,1980,0
Tonga,1980,30
Trinidad and Tobago,1980,500
Tunisia,1980,7
Turkey,1980,356
Turkmenistan,1980,0
Turks and Caicos Islands,1980,0
Tuvalu,1980,0
Uganda,1980,5934
Ukraine,1980,0
United Arab Emirates,1980,172542
United Kingdom,1980,203856
United States,1980,124998
Uruguay,1980,5
Uzbekistan,1980,0
Vanuatu,1980,25
"Venezuela, RB",1980,228
Vietnam,1980,376
Virgin Islands (U.S.),1980,9
"Virgin Islands, British",1980,3
Wallis and Futuna,1980,0
West Bank and Gaza,1980,105
"Yemen, Rep.",1980,4860
Zambia,1980,3599
Zimbabwe,1980,1325
Afghanistan,1990,2234
Albania,1990,2
Algeria,1990,1
American Samoa,1990,3
Andorra,1990,6
Angola,1990,45
Anguilla,1990,2
Antigua and Barbuda,1990,12
Argentina,1990,124
Armenia,1990,0
Aruba,1990,51
Australia,1990,29547
Austria,1990,2253
Azerbaijan,1990,0
"Bahamas, The",1990,74
Bahrain,1990,8442
Bangladesh,1990,118429
Barbados,1990,226
Belarus,1990,0
Belgium,1990,992
Belize,1990,0
Benin,1990,21
Bermuda,1990,0
Bhutan,1990,4287
Bolivia,1990,29
Bosnia and Herzegovina,1990,51
Botswana,1990,849
Brazil,1990,276
Brunei Darussalam,1990,423
Bulgaria,1990,19
Burkina Faso,1990,66
Burundi,1990,21
Cambodia,1990,13
Cameroon,1990,0
Canada,1990,64890
Cape Verde,1990,0
Cayman Islands,1990,29
Central African Republic,1990,3
Chad,1990,586
Chile,1990,110
China,1990,178
Colombia,1990,30
Comoros,1990,47
"Congo, Dem. Rep.",1990,15321
"Congo, Rep.",1990,278
Cook Islands,1990,3
Costa Rica,1990,9
Cote d'Ivoire,1990,193
Croatia,1990,11
Cuba,1990,55
Cyprus,1990,33
Czech Republic,1990,27
Denmark,1990,1565
Djibouti,1990,67
Dominica,1990,4
Dominican Republic,1990,139
Ecuador,1990,4
"Egypt, Arab Rep.",1990,13
El Salvador,1990,11
Equatorial Guinea,1990,18
Eritrea,1990,58
Estonia,1990,0
Ethiopia,1990,560
Faeroe Islands,1990,0
Falkland Islands (Malvinas),1990,0
Fiji,1990,2028
Finland,1990,348
France,1990,10838
French Guiana,1990,1
French Polynesia,1990,7
Gabon,1990,62
"Gambia, The",1990,273
Georgia,1990,0
Germany,1990,5973
Ghana,1990,1092
Gibraltar,1990,1
Greece,1990,353
Greenland,1990,3
Grenada,1990,4
Guadeloupe,1990,93
Guam,1990,59
Guatemala,1990,2
Guinea,1990,14
Guinea-Bissau,1990,4
Guyana,1990,45
Haiti,1990,7
Honduras,1990,33
"Hong Kong SAR, China",1990,2036
Hungary,1990,189
Iceland,1990,49
India,1990,0
Indonesia,1990,3016
"Iran, Islamic Rep.",1990,692
Iraq,1990,166
Ireland,1990,1780
Israel,1990,7770
Italy,1990,4920
Jamaica,1990,292
Japan,1990,1111
Jordan,1990,261
Kazakhstan,1990,0
Kenya,1990,3884
Kiribati,1990,0
"Korea, Dem. Rep.",1990,32
"Korea, Rep.",1990,2
Kuwait,1990,21756
Kyrgyz Republic,1990,0
Lao PDR,1990,13
Latvia,1990,0
Lebanon,1990,4938
Lesotho,1990,169
Liberia,1990,690
Libya,1990,108
Liechtenstein,1990,0
Lithuania,1990,0
Luxembourg,1990,583
"Macao SAR, China",1990,177
"Macedonia, FYR",1990,649
Madagascar,1990,3450
Malawi,1990,59
Malaysia,1990,13603
Maldives,1990,105
Mali,1990,24
Malta,1990,4
Marshall Islands,1990,3
Martinique,1990,22
Mauritania,1990,4
Mauritius,1990,629
Mayotte,1990,19
Mexico,1990,30
"Micronesia, Fed. Sts.",1990,3
Moldova,1990,0
Monaco,1990,167
Mongolia,1990,10
Montserrat,1990,6
Morocco,1990,1
Mozambique,1990,1199
Myanmar,1990,20603
Namibia,1990,174
Naura,1990,14
Nepal,1990,292648
Netherlands,1990,3442
Netherlands Antilles,1990,176
New Caledonia,1990,35
New Zealand,1990,3476
Nicaragua,1990,3
Niger,1990,274
Nigeria,1990,700
Niue,1990,0
Norfolk Island,1990,0
Northern Mariana Islands,1990,98
Norway,1990,1970
Oman,1990,32637
Pakistan,1990,1420156
Palau,1990,4
Panama,1990,653
Papua New Guinea,1990,174
Paraguay,1990,11
Peru,1990,61
Philippines,1990,2003
Poland,1990,71
Portugal,1990,3512
Puerto Rico,1990,360
Qatar,1990,3330
Reunion,1990,132
Romania,1990,0
Russian Federation,1990,0
Rwanda,1990,321
Saint Helena,1990,1
Saint Pierre and Miquelon,1990,0
Samoa,1990,1
San Marino,1990,0
Sao Tome and Principe,1990,2
Saudi Arabia,1990,160526
Senegal,1990,151
Serbia and Montenegro,1990,29
Seychelles,1990,255
Sierra Leone,1990,156
Singapore,1990,14881
Slovak Republic,1990,5
Slovenia,1990,0
Solomon Islands,1990,11
Somalia,1990,90
South Africa,1990,4780
Spain,1990,1812
Sri Lanka,1990,222860
St. Kitts and Nevis,1990,4
St. Lucia,1990,6
St. Vincent and the Grenadines,1990,3
Sudan,1990,2207
Suriname,1990,51
Swaziland,1990,84
Sweden,1990,4809
Switzerland,1990,593
Syrian Arab Republic,1990,3610
"Taiwan, China",1990,14
Tajikistan,1990,0
Tanzania,1990,1649
Thailand,1990,2083
Timor-Leste,1990,24
Togo,1990,417
Tokelau,1990,0
Tonga,1990,69
Trinidad and Tobago,1990,378
Tunisia,1990,16
Turkey,1990,622
Turkmenistan,1990,0
Turks and Caicos Islands,1990,3
Tuvalu,1990,0
Uganda,1990,371
Ukraine,1990,0
United Arab Emirates,1990,157721
United Kingdom,1990,220994
United States,1990,223537
Uruguay,1990,5
Uzbekistan,1990,0
Vanuatu,1990,12
"Venezuela, RB",1990,156
Vietnam,1990,144
Virgin Islands (U.S.),1990,155
"Virgin Islands, British",1990,8
Wallis and Futuna,1990,0
West Bank and Gaza,1990,144
"Yemen, Rep.",1990,3471
Zambia,1990,2626
Zimbabwe,1990,1523
Afghanistan,1990,1119
Albania,1990,0
Algeria,1990,1
American Samoa,1990,4
Andorra,1990,11
Angola,1990,80
Anguilla,1990,2
Antigua and Barbuda,1990,22
Argentina,1990,96
Armenia,1990,0
Aruba,1990,60
Australia,1990,29750
Austria,1990,2464
Azerbaijan,1990,0
"Bahamas, The",1990,94
Bahrain,1990,22090
Bangladesh,1990,735935
Barbados,1990,236
Belarus,1990,0
Belgium,1990,1708
Belize,1990,0
Benin,1990,46
Bermuda,1990,0
Bhutan,1990,18257
Bolivia,1990,62
Bosnia and Herzegovina,1990,59
Botswana,1990,1054
Brazil,1990,417
Brunei Darussalam,1990,2196
Bulgaria,1990,93
Burkina Faso,1990,78
Burundi,1990,27
Cambodia,1990,38
Cameroon,1990,0
Canada,1990,85061
Cape Verde,1990,0
Cayman Islands,1990,31
Central African Republic,1990,11
Chad,1990,690
Chile,1990,163
China,1990,171
Colombia,1990,44
Comoros,1990,43
"Congo, Dem. Rep.",1990,14227
"Congo, Rep.",1990,624
Cook Islands,1990,5
Costa Rica,1990,14
Cote d'Ivoire,1990,231
Croatia,1990,18
Cuba,1990,135
Cyprus,1990,33
Czech Republic,1990,22
Denmark,1990,1276
Djibouti,1990,130
Dominica,1990,6
Dominican Republic,1990,176
Ecuador,1990,5
"Egypt, Arab Rep.",1990,32
El Salvador,1990,14
Equatorial Guinea,1990,26
Eritrea,1990,66
Estonia,1990,0
Ethiopia,1990,731
Faeroe Islands,1990,7
Falkland Islands (Malvinas),1990,0
Fiji,1990,1863
Finland,1990,174
France,1990,12617
French Guiana,1990,1
French Polynesia,1990,15
Gabon,1990,120
"Gambia, The",1990,341
Georgia,1990,0
Germany,1990,15643
Ghana,1990,1106
Gibraltar,1990,2
Greece,1990,3897
Greenland,1990,4
Grenada,1990,5
Guadeloupe,1990,88
Guam,1990,61
Guatemala,1990,2
Guinea,1990,37
Guinea-Bissau,1990,5
Guyana,1990,50
Haiti,1990,11
Honduras,1990,44
"Hong Kong SAR, China",1990,1060
Hungary,1990,207
Iceland,1990,43
India,1990,0
Indonesia,1990,4174
"Iran, Islamic Rep.",1990,1287
Iraq,1990,318
Ireland,1990,1742
Israel,1990,8479
Italy,1990,3278
Jamaica,1990,369
Japan,1990,2110
Jordan,1990,332
Kazakhstan,1990,0
Kenya,1990,4249
Kiribati,1990,0
"Korea, Dem. Rep.",1990,31
"Korea, Rep.",1990,2
Kuwait,1990,85099
Kyrgyz Republic,1990,0
Lao PDR,1990,23
Latvia,1990,0
Lebanon,1990,15275
Lesotho,1990,213
Liberia,1990,670
Libya,1990,105
Liechtenstein,1990,0
Lithuania,1990,0
Luxembourg,1990,560
"Macao SAR, China",1990,198
"Macedonia, FYR",1990,480
Madagascar,1990,3053
Malawi,1990,68
Malaysia,1990,19328
Maldives,1990,49
Mali,1990,29
Malta,1990,4
Marshall Islands,1990,4
Martinique,1990,20
Mauritania,1990,7
Mauritius,1990,611
Mayotte,1990,19
Mexico,1990,82
"Micronesia, Fed. Sts.",1990,10
Moldova,1990,0
Monaco,1990,165
Mongolia,1990,18
Montserrat,1990,14
Morocco,1990,1
Mozambique,1990,1154
Myanmar,1990,23485
Namibia,1990,191
Naura,1990,45
Nepal,1990,114476
Netherlands,1990,4568
Netherlands Antilles,1990,253
New Caledonia,1990,32
New Zealand,1990,3656
Nicaragua,1990,7
Niger,1990,234
Nigeria,1990,1053
Niue,1990,0
Norfolk Island,1990,0
Northern Mariana Islands,1990,48
Norway,1990,2514
Oman,1990,179318
Pakistan,1990,1710275
Palau,1990,31
Panama,1990,856
Papua New Guinea,1990,181
Paraguay,1990,13
Peru,1990,116
Philippines,1990,2397
Poland,1990,123
Portugal,1990,2938
Puerto Rico,1990,438
Qatar,1990,30420
Reunion,1990,138
Romania,1990,0
Russian Federation,1990,0
Rwanda,1990,241
Saint Helena,1990,2
Saint Pierre and Miquelon,1990,0
Samoa,1990,2
San Marino,1990,0
Sao Tome and Principe,1990,3
Saudi Arabia,1990,770932
Senegal,1990,103
Serbia and Montenegro,1990,39
Seychelles,1990,331
Sierra Leone,1990,229
Singapore,1990,28815
Slovak Republic,1990,4
Slovenia,1990,0
Solomon Islands,1990,47
Somalia,1990,101
South Africa,1990,4116
Spain,1990,2075
Sri Lanka,1990,224223
St. Kitts and Nevis,1990,6
St. Lucia,1990,8
St. Vincent and the Grenadines,1990,4
Sudan,1990,2258
Suriname,1990,62
Swaziland,1990,119
Sweden,1990,3362
Switzerland,1990,869
Syrian Arab Republic,1990,4329
"Taiwan, China",1990,18
Tajikistan,1990,0
Tanzania,1990,2148
Thailand,1990,2350
Timor-Leste,1990,50
Togo,1990,409
Tokelau,1990,0
Tonga,1990,63
Trinidad and Tobago,1990,388
Tunisia,1990,14
Turkey,1990,629
Turkmenistan,1990,0
Turks and Caicos Islands,1990,3
Tuvalu,1990,0
Uganda,1990,821
Ukraine,1990,0
United Arab Emirates,1990,279458
United Kingdom,1990,208891
United States,1990,270753
Uruguay,1990,5
Uzbekistan,1990,0
Vanuatu,1990,17
"Venezuela, RB",1990,224
Vietnam,1990,230
Virgin Islands (U.S.),1990,195
"Virgin Islands, British",1990,9
Wallis and Futuna,1990,0
West Bank and Gaza,1990,138
"Yemen, Rep.",1990,6017
Zambia,1990,2695
Zimbabwe,1990,1250
Afghanistan,2000,4445
Albania,2000,2
Algeria,2000,0
American Samoa,2000,4
Andorra,2000,8
Angola,2000,78
Anguilla,2000,3
Antigua and Barbuda,2000,20
Argentina,2000,140
Armenia,2000,0
Aruba,2000,68
Australia,2000,44315
Austria,2000,2667
Azerbaijan,2000,0
"Bahamas, The",2000,82
Bahrain,2000,6384
Bangladesh,2000,129791
Barbados,2000,265
Belarus,2000,0
Belgium,2000,1478
Belize,2000,103
Benin,2000,36
Bermuda,2000,34
Bhutan,2000,5787
Bolivia,2000,52
Bosnia and Herzegovina,2000,39
Botswana,2000,1614
Brazil,2000,315
Brunei Darussalam,2000,632
Bulgaria,2000,89
Burkina Faso,2000,27
Burundi,2000,17
Cambodia,2000,84
Cameroon,2000,0
Canada,2000,145504
Cape Verde,2000,0
Cayman Islands,2000,16
Central African Republic,2000,0
Chad,2000,666
Chile,2000,183
China,2000,3884
Colombia,2000,63
Comoros,2000,47
"Congo, Dem. Rep.",2000,12630
"Congo, Rep.",2000,51
Cook Islands,2000,5
Costa Rica,2000,16
Cote d'Ivoire,2000,16
Croatia,2000,2
Cuba,2000,11
Cyprus,2000,522
Czech Republic,2000,86
Denmark,2000,2556
Djibouti,2000,85
Dominica,2000,6
Dominican Republic,2000,161
Ecuador,2000,27
"Egypt, Arab Rep.",2000,329
El Salvador,2000,2
Equatorial Guinea,2000,30
Eritrea,2000,41
Estonia,2000,18
Ethiopia,2000,584
Faeroe Islands,2000,2
Falkland Islands (Malvinas),2000,0
Fiji,2000,2345
Finland,2000,424
France,2000,69004
French Guiana,2000,2
French Polynesia,2000,13
Gabon,2000,94
"Gambia, The",2000,423
Georgia,2000,0
Germany,2000,10665
Ghana,2000,1873
Gibraltar,2000,18
Greece,2000,476
Greenland,2000,2
Grenada,2000,8
Guadeloupe,2000,90
Guam,2000,55
Guatemala,2000,8
Guinea,2000,24
Guinea-Bissau,2000,3
Guyana,2000,0
Haiti,2000,9
Honduras,2000,6
"Hong Kong SAR, China",2000,45220
Hungary,2000,182
Iceland,2000,83
India,2000,0
Indonesia,2000,2729
"Iran, Islamic Rep.",2000,547
Iraq,2000,23
Ireland,2000,1269
Israel,2000,6988
Italy,2000,19950
Jamaica,2000,452
Japan,2000,2339
Jordan,2000,589
Kazakhstan,2000,0
Kenya,2000,249
Kiribati,2000,6
"Korea, Dem. Rep.",2000,358
"Korea, Rep.",2000,299
Kuwait,2000,16195
Kyrgyz Republic,2000,29
Lao PDR,2000,12
Latvia,2000,14
Lebanon,2000,11108
Lesotho,2000,58
Liberia,2000,657
Libya,2000,129
Liechtenstein,2000,3
Lithuania,2000,11
Luxembourg,2000,216
"Macao SAR, China",2000,189
"Macedonia, FYR",2000,754
Madagascar,2000,3118
Malawi,2000,58
Malaysia,2000,29759
Maldives,2000,181
Mali,2000,1
Malta,2000,11
Marshall Islands,2000,3
Martinique,2000,28
Mauritania,2000,4
Mauritius,2000,1481
Mayotte,2000,40
Mexico,2000,168
"Micronesia, Fed. Sts.",2000,3
Moldova,2000,0
Monaco,2000,191
Mongolia,2000,14
Montserrat,2000,0
Morocco,2000,1
Mozambique,2000,2986
Myanmar,2000,16917
Namibia,2000,169
Naura,2000,8
Nepal,2000,399609
Netherlands,2000,5177
Netherlands Antilles,2000,29
New Caledonia,2000,36
New Zealand,2000,10049
Nicaragua,2000,3
Niger,2000,77
Nigeria,2000,1225
Niue,2000,0
Norfolk Island,2000,1
Northern Mariana Islands,2000,94
Norway,2000,2737
Oman,2000,47716
Pakistan,2000,1138971
Palau,2000,3
Panama,2000,886
Papua New Guinea,2000,117
Paraguay,2000,41
Peru,2000,53
Philippines,2000,6471
Poland,2000,103
Portugal,2000,3227
Puerto Rico,2000,433
Qatar,2000,6616
Reunion,2000,210
Romania,2000,0
Russian Federation,2000,4
Rwanda,2000,747
Saint Helena,2000,1
Saint Pierre and Miquelon,2000,0
Samoa,2000,3
San Marino,2000,0
Sao Tome and Principe,2000,2
Saudi Arabia,2000,201950
Senegal,2000,155
Serbia and Montenegro,2000,115
Seychelles,2000,583
Sierra Leone,2000,299
Singapore,2000,47942
Slovak Republic,2000,8
Slovenia,2000,2
Solomon Islands,2000,3
Somalia,2000,78
South Africa,2000,7739
Spain,2000,3221
Sri Lanka,2000,191807
St. Kitts and Nevis,2000,8
St. Lucia,2000,31
St. Vincent and the Grenadines,2000,4
Sudan,2000,2651
Suriname,2000,2
Swaziland,2000,113
Sweden,2000,6596
Switzerland,2000,2925
Syrian Arab Republic,2000,4759
"Taiwan, China",2000,125
Tajikistan,2000,0
Tanzania,2000,2889
Thailand,2000,6812
Timor-Leste,2000,26
Togo,2000,426
Tokelau,2000,0
Tonga,2000,40
Trinidad and Tobago,2000,280
Tunisia,2000,15
Turkey,2000,218
Turkmenistan,2000,0
Turks and Caicos Islands,2000,3
Tuvalu,2000,0
Uganda,2000,2011
Ukraine,2000,7
United Arab Emirates,2000,230372
United Kingdom,2000,266644
United States,2000,480076
Uruguay,2000,2
Uzbekistan,2000,0
Vanuatu,2000,4
"Venezuela, RB",2000,103
Vietnam,2000,801
Virgin Islands (U.S.),2000,144
"Virgin Islands, British",2000,8
Wallis and Futuna,2000,2
West Bank and Gaza,2000,223
"Yemen, Rep.",2000,4058
Zambia,2000,2400
Zimbabwe,2000,1401
Afghanistan,2000,2459
Albania,2000,1
Algeria,2000,1
American Samoa,2000,5
Andorra,2000,14
Angola,2000,120
Anguilla,2000,3
Antigua and Barbuda,2000,27
Argentina,2000,197
Armenia,2000,0
Aruba,2000,116
Australia,2000,49794
Austria,2000,4220
Azerbaijan,2000,0
"Bahamas, The",2000,104
Bahrain,2000,32927
Bangladesh,2000,806361
Barbados,2000,264
Belarus,2000,0
Belgium,2000,2054
Belize,2000,168
Benin,2000,81
Bermuda,2000,57
Bhutan,2000,24644
Bolivia,2000,64
Bosnia and Herzegovina,2000,47
Botswana,2000,2253
Brazil,2000,444
Brunei Darussalam,2000,3093
Bulgaria,2000,433
Burkina Faso,2000,29
Burundi,2000,21
Cambodia,2000,235
Cameroon,2000,0
Canada,2000,168496
Cape Verde,2000,0
Cayman Islands,2000,24
Central African Republic,2000,3
Chad,2000,780
Chile,2000,357
China,2000,1884
Colombia,2000,53
Comoros,2000,42
"Congo, Dem. Rep.",2000,11561
"Congo, Rep.",2000,116
Cook Islands,2000,7
Costa Rica,2000,25
Cote d'Ivoire,2000,23
Croatia,2000,2
Cuba,2000,28
Cyprus,2000,727
Czech Republic,2000,158
Denmark,2000,1844
Djibouti,2000,167
Dominica,2000,9
Dominican Republic,2000,190
Ecuador,2000,53
"Egypt, Arab Rep.",2000,496
El Salvador,2000,2
Equatorial Guinea,2000,42
Eritrea,2000,72
Estonia,2000,35
Ethiopia,2000,773
Faeroe Islands,2000,12
Falkland Islands (Malvinas),2000,2
Fiji,2000,2185
Finland,2000,712
France,2000,67229
French Guiana,2000,2
French Polynesia,2000,14
Gabon,2000,182
"Gambia, The",2000,464
Georgia,2000,0
Germany,2000,24822
Ghana,2000,1894
Gibraltar,2000,17
Greece,2000,6457
Greenland,2000,4
Grenada,2000,9
Guadeloupe,2000,73
Guam,2000,101
Guatemala,2000,8
Guinea,2000,52
Guinea-Bissau,2000,5
Guyana,2000,0
Haiti,2000,16
Honduras,2000,7
"Hong Kong SAR, China",2000,13465
Hungary,2000,191
Iceland,2000,65
India,2000,0
Indonesia,2000,3695
"Iran, Islamic Rep.",2000,1122
Iraq,2000,38
Ireland,2000,2086
Israel,2000,8171
Italy,2000,23299
Jamaica,2000,671
Japan,2000,5179
Jordan,2000,2886
Kazakhstan,2000,0
Kenya,2000,302
Kiribati,2000,8
"Korea, Dem. Rep.",2000,154
"Korea, Rep.",2000,1144
Kuwait,2000,84709
Kyrgyz Republic,2000,181
Lao PDR,2000,22
Latvia,2000,41
Lebanon,2000,24217
Lesotho,2000,74
Liberia,2000,637
Libya,2000,126
Liechtenstein,2000,6
Lithuania,2000,8
Luxembourg,2000,174
"Macao SAR, China",2000,217
"Macedonia, FYR",2000,558
Madagascar,2000,2760
Malawi,2000,67
Malaysia,2000,37942
Maldives,2000,94
Mali,2000,2
Malta,2000,12
Marshall Islands,2000,4
Martinique,2000,22
Mauritania,2000,8
Mauritius,2000,6704
Mayotte,2000,36
Mexico,2000,233
"Micronesia, Fed. Sts.",2000,10
Moldova,2000,0
Monaco,2000,201
Mongolia,2000,21
Montserrat,2000,1
Morocco,2000,1
Mozambique,2000,3326
Myanmar,2000,18260
Namibia,2000,181
Naura,2000,18
Nepal,2000,163962
Netherlands,2000,5658
Netherlands Antilles,2000,22
New Caledonia,2000,26
New Zealand,2000,10618
Nicaragua,2000,8
Niger,2000,86
Nigeria,2000,1714
Niue,2000,0
Norfolk Island,2000,0
Northern Mariana Islands,2000,81
Norway,2000,2504
Oman,2000,264336
Pakistan,2000,1373935
Palau,2000,37
Panama,2000,1273
Papua New Guinea,2000,149
Paraguay,2000,83
Peru,2000,92
Philippines,2000,5968
Poland,2000,227
Portugal,2000,3239
Puerto Rico,2000,368
Qatar,2000,46171
Reunion,2000,191
Romania,2000,0
Russian Federation,2000,22
Rwanda,2000,1267
Saint Helena,2000,2
Saint Pierre and Miquelon,2000,0
Samoa,2000,4
San Marino,2000,0
Sao Tome and Principe,2000,3
Saudi Arabia,2000,805699
Senegal,2000,95
Serbia and Montenegro,2000,136
Seychelles,2000,1067
Sierra Leone,2000,58
Singapore,2000,57245
Slovak Republic,2000,11
Slovenia,2000,3
Solomon Islands,2000,8
Somalia,2000,139
South Africa,2000,9308
Spain,2000,4132
Sri Lanka,2000,192982
St. Kitts and Nevis,2000,28
St. Lucia,2000,41
St. Vincent and the Grenadines,2000,6
Sudan,2000,2735
Suriname,2000,2
Swaziland,2000,160
Sweden,2000,4392
Switzerland,2000,3494
Syrian Arab Republic,2000,5679
"Taiwan, China",2000,56
Tajikistan,2000,0
Tanzania,2000,4262
Thailand,2000,7607
Timor-Leste,2000,51
Togo,2000,425
Tokelau,2000,0
Tonga,2000,37
Trinidad and Tobago,2000,351
Tunisia,2000,13
Turkey,2000,349
Turkmenistan,2000,0
Turks and Caicos Islands,2000,3
Tuvalu,2000,0
Uganda,2000,3378
Ukraine,2000,6
United Arab Emirates,2000,520770
United Kingdom,2000,258152
United States,2000,561244
Uruguay,2000,0
Uzbekistan,2000,0
Vanuatu,2000,4
"Venezuela, RB",2000,118
Vietnam,2000,1519
Virgin Islands (U.S.),2000,181
"Virgin Islands, British",2000,10
Wallis and Futuna,2000,2
West Bank and Gaza,2000,213
"Yemen, Rep.",2000,7034
Zambia,2000,2414
Zimbabwe,2000,1149
